PassengerId,Survived,Age,SibSp,Parch,Pclass_2,Pclass_3
0.0,0.0,0.2711736617240512,0.125,0.0,False,True
0.0011235955056179,1.0,0.4722292033174164,0.125,0.0,False,False
0.0022471910112359,1.0,0.3214375471223925,0.0,0.0,False,True
0.0033707865168539,1.0,0.4345312892686604,0.125,0.0,False,False
0.0044943820224719,0.0,0.4345312892686604,0.0,0.0,False,True
0.0056179775280898,0.0,,0.0,0.0,False,True
0.0067415730337078,0.0,0.6732847449107816,0.0,0.0,False,False
0.0078651685393258,0.0,0.0198542347323448,0.375,0.1666666666666666,False,True
0.0089887640449438,1.0,0.3340035184719778,0.0,0.3333333333333333,False,True
0.0101123595505617,1.0,0.1706458909273686,0.125,0.0,True,False
0.0112359550561797,1.0,0.0449861774315154,0.125,0.1666666666666666,False,True
0.0123595505617977,1.0,0.723548630309123,0.0,0.0,False,False
0.0134831460674157,0.0,0.2460417190248806,0.0,0.0,False,True
0.0146067415730337,0.0,0.4847951746670017,0.125,0.8333333333333333,False,True
0.0157303370786516,0.0,0.1706458909273686,0.0,0.0,False,True
0.0168539325842696,1.0,0.685850716260367,0.0,0.0,True,False
0.0179775280898876,0.0,0.0198542347323448,0.5,0.1666666666666666,False,True
0.0191011235955056,1.0,,0.0,0.0,True,False
0.0202247191011235,0.0,0.3842674038703191,0.125,0.0,False,True
0.0213483146067415,1.0,,0.0,0.0,False,True
0.0224719101123595,0.0,0.4345312892686604,0.0,0.0,True,False
0.0235955056179775,1.0,0.4219653179190751,0.0,0.0,True,False
0.0247191011235955,1.0,0.183211862276954,0.0,0.0,False,True
0.0258426966292134,1.0,0.3465694898215631,0.0,0.0,False,False
0.0269662921348314,0.0,0.0952500628298567,0.375,0.1666666666666666,False,True
0.0280898876404494,1.0,0.4722292033174164,0.125,0.8333333333333333,False,True
0.0292134831460674,0.0,,0.0,0.0,False,True
0.0303370786516853,0.0,0.2334757476752953,0.375,0.3333333333333333,False,False
0.0314606741573033,1.0,,0.0,0.0,False,True
0.0325842696629213,0.0,,0.0,0.0,False,True
0.0337078651685393,0.0,0.497361146016587,0.0,0.0,False,False
0.0348314606741573,1.0,,0.125,0.0,False,False
0.0359550561797752,1.0,,0.0,0.0,False,True
0.0370786516853932,0.0,0.8240764011058055,0.0,0.0,True,False
0.0382022471910112,0.0,0.3465694898215631,0.125,0.0,False,False
0.0393258426966292,0.0,0.5224930887157577,0.125,0.0,False,False
0.0404494382022471,1.0,,0.0,0.0,False,True
0.0415730337078651,0.0,0.2586076903744659,0.0,0.0,False,True
0.0426966292134831,0.0,0.22090977632571,0.25,0.0,False,True
0.0438202247191011,1.0,0.1706458909273686,0.125,0.0,False,True
0.0449438202247191,0.0,0.497361146016587,0.125,0.0,False,True
0.046067415730337,0.0,0.3340035184719778,0.125,0.0,True,False
0.047191011235955,0.0,,0.0,0.0,False,True
0.048314606741573,1.0,0.0324202060819301,0.125,0.3333333333333333,True,False
0.049438202247191,1.0,0.2334757476752953,0.0,0.0,False,True
0.0505617977528089,0.0,,0.0,0.0,False,True
0.0516853932584269,0.0,,0.125,0.0,False,True
0.0528089887640449,1.0,,0.0,0.0,False,True
0.0539325842696629,0.0,,0.25,0.0,False,True
0.0550561797752809,0.0,0.22090977632571,0.125,0.0,False,True
0.0561797752808988,0.0,0.0826840914802714,0.5,0.1666666666666666,False,True
0.0573033707865168,0.0,0.2586076903744659,0.0,0.0,False,True
0.0584269662921348,1.0,0.610454888162855,0.125,0.0,False,False
0.0595505617977528,1.0,0.3591354611711485,0.125,0.0,True,False
0.0606741573033707,0.0,0.8115104297562202,0.0,0.1666666666666666,False,False
0.0617977528089887,1.0,,0.0,0.0,False,False
0.0629213483146067,1.0,0.2586076903744659,0.0,0.0,True,False
0.0640449438202247,0.0,0.3528524754963558,0.0,0.0,False,True
0.0651685393258427,1.0,0.0575521487811007,0.125,0.3333333333333333,True,False
0.0662921348314606,0.0,0.1329479768786127,0.625,0.3333333333333333,False,True
0.0674157303370786,0.0,0.2711736617240512,0.0,0.0,False,True
0.0685393258426966,1.0,0.4722292033174164,0.0,0.0,False,False
0.0696629213483146,0.0,0.5601910027645137,0.125,0.0,False,False
0.0707865168539325,0.0,0.0449861774315154,0.375,0.3333333333333333,False,True
0.0719101123595505,0.0,,0.0,0.0,False,False
0.0730337078651685,1.0,,0.125,0.1666666666666666,False,True
0.0741573033707865,1.0,0.3591354611711485,0.0,0.0,True,False
0.0752808988764044,0.0,0.2334757476752953,0.0,0.0,False,True
0.0764044943820224,1.0,0.2083438049761246,0.5,0.3333333333333333,False,True
0.0775280898876404,0.0,0.3214375471223925,0.25,0.0,False,True
0.0786516853932584,0.0,0.3968333752199044,0.0,0.0,True,False
0.0797752808988764,0.0,0.1957778336265393,0.625,0.3333333333333333,False,True
0.0808988764044943,0.0,0.2586076903744659,0.0,0.0,True,False
0.0820224719101123,0.0,0.3214375471223925,0.125,0.0,False,True
0.0831460674157303,1.0,0.3968333752199044,0.0,0.0,False,True
0.0842696629213483,0.0,0.3088715757728072,0.0,0.0,False,True
0.0853932584269663,0.0,,0.0,0.0,False,True
0.0865168539325842,0.0,,0.0,0.0,False,True
0.0876404494382022,1.0,0.0051520482533299,0.0,0.3333333333333333,True,False
0.0887640449438202,1.0,0.3717014325207338,0.0,0.0,False,True
0.0898876404494382,0.0,0.2711736617240512,0.0,0.0,False,True
0.0910112359550561,1.0,0.3591354611711485,0.0,0.0,False,True
0.0921348314606741,1.0,,0.0,0.0,False,True
0.0932584269662921,0.0,0.3465694898215631,0.0,0.0,False,False
0.0943820224719101,1.0,0.2083438049761246,0.0,0.0,True,False
0.095505617977528,1.0,0.4093993465694898,0.375,0.0,False,True
0.096629213483146,0.0,0.1957778336265393,0.125,0.5,False,True
0.097752808988764,0.0,,0.0,0.0,False,True
0.098876404494382,1.0,0.2837396330736366,0.375,0.3333333333333333,False,False
0.1,0.0,0.2963056044232219,0.0,0.0,False,True
0.1011235955056179,0.0,0.3591354611711485,0.0,0.0,False,True
0.1022471910112359,0.0,0.2460417190248806,0.0,0.0,False,True
0.1033707865168539,0.0,0.5727569741140991,0.125,0.0,False,False
0.1044943820224719,0.0,0.3214375471223925,0.125,0.3333333333333333,False,True
0.1056179775280898,0.0,0.7361146016587082,0.0,0.0,False,True
0.1067415730337078,0.0,,0.0,0.0,False,True
0.1078651685393258,0.0,0.8869062578537321,0.0,0.0,False,False
0.1089887640449438,1.0,0.2837396330736366,0.0,0.1666666666666666,False,False
0.1101123595505618,1.0,0.4219653179190751,0.0,0.1666666666666666,True,False
0.1112359550561797,0.0,0.4219653179190751,0.125,0.0,True,False
0.1123595505617977,0.0,0.3465694898215631,0.0,0.0,False,True
0.1134831460674157,0.0,,0.0,0.0,False,True
0.1146067415730337,0.0,0.2586076903744659,0.0,0.1666666666666666,False,False
0.1157303370786516,0.0,0.4093993465694898,0.0,0.0,False,True
0.1168539325842696,0.0,0.4596632319678311,0.25,0.0,False,True
0.1179775280898876,0.0,0.3465694898215631,0.0,0.0,False,True
0.1191011235955056,1.0,0.2586076903744659,0.0,0.0,False,True
0.1202247191011236,1.0,,0.0,0.0,False,True
0.1213483146067415,0.0,0.4722292033174164,0.0,0.0,False,True
0.1224719101123595,1.0,,0.125,0.0,False,True
0.1235955056179775,0.0,0.5853229454636844,0.0,0.0,False,False
0.1247191011235955,0.0,0.1769288766021613,0.125,0.0,False,True
0.1258426966292135,0.0,0.2711736617240512,0.0,0.0,False,True
0.1269662921348315,0.0,0.2460417190248806,0.125,0.0,False,True
0.1280898876404494,0.0,0.2083438049761246,0.0,0.0,False,True
0.1292134831460674,0.0,0.2586076903744659,0.0,0.0,False,True
0.1303370786516854,0.0,0.8806232721789394,0.0,0.0,False,True
0.1314606741573034,0.0,0.3591354611711485,0.125,0.0,True,False
0.1325842696629213,0.0,0.2963056044232219,0.0,0.1666666666666666,False,False
0.1337078651685393,0.0,0.0198542347323448,0.5,0.3333333333333333,False,True
0.1348314606741573,0.0,0.2586076903744659,0.25,0.0,True,False
0.1359550561797753,0.0,,0.0,0.0,False,True
0.1370786516853932,0.0,0.4031163608946971,0.125,0.0,True,False
0.1382022471910112,1.0,0.4031163608946971,0.0,0.0,True,False
0.1393258426966292,0.0,0.6732847449107816,0.0,0.1666666666666666,False,False
0.1404494382022472,1.0,0.145513948228198,0.125,0.0,False,True
0.1415730337078652,0.0,,0.0,0.0,False,True
0.1426966292134831,1.0,0.2963056044232219,0.0,0.0,False,True
0.1438202247191011,1.0,,0.125,0.1666666666666666,False,True
0.1449438202247191,0.0,0.5601910027645137,0.0,0.0,False,True
0.1460674157303371,0.0,0.4093993465694898,0.0,0.0,False,True
0.147191011235955,0.0,0.2460417190248806,0.0,0.0,False,True
0.148314606741573,0.0,0.5853229454636844,0.125,0.0,False,True
0.149438202247191,1.0,0.3591354611711485,0.125,0.0,True,False
0.150561797752809,0.0,0.3088715757728072,0.0,0.0,True,False
0.1516853932584269,0.0,0.2837396330736366,0.0,0.0,True,False
0.1528089887640449,1.0,0.2334757476752953,0.0,0.3333333333333333,False,False
0.1539325842696629,0.0,0.4596632319678311,0.125,0.0,False,False
0.1550561797752809,0.0,0.1957778336265393,0.0,0.0,False,True
0.1561797752808989,0.0,0.2963056044232219,0.0,0.0,False,False
0.1573033707865168,0.0,,0.0,0.3333333333333333,False,True
0.1584269662921348,1.0,0.2711736617240512,0.0,0.0,False,True
0.1595505617977528,1.0,0.2963056044232219,0.125,0.0,False,True
0.1606741573033708,0.0,0.2334757476752953,0.0,0.0,False,True
0.1617977528089887,0.0,0.22090977632571,0.0,0.0,True,False
0.1629213483146067,0.0,0.2334757476752953,0.125,0.1666666666666666,True,False
0.1640449438202247,1.0,0.3340035184719778,0.0,0.0,False,True
0.1651685393258427,0.0,0.107816034179442,0.25,0.3333333333333333,False,True
0.1662921348314607,0.0,0.4533802462930384,0.0,0.3333333333333333,True,False
0.1674157303370786,0.0,0.5224930887157577,0.0,0.0,True,False
0.1685393258426966,0.0,0.6355868308620256,0.0,0.0,True,False
0.1696629213483146,1.0,0.2711736617240512,0.125,0.0,False,False
0.1707865168539326,0.0,0.6921337019351597,0.0,0.0,False,True
0.1719101123595506,0.0,0.5036441316913798,0.0,0.3333333333333333,False,True
0.1730337078651685,0.0,,0.0,0.0,False,True
0.1741573033707865,0.0,0.6355868308620256,0.0,0.1666666666666666,False,False
0.1752808988764045,1.0,0.1957778336265393,0.0,0.0,False,True
0.1764044943820225,0.0,0.3717014325207338,0.0,0.0,False,True
0.1775280898876404,0.0,,0.0,0.0,False,True
0.1786516853932584,0.0,,1.0,0.3333333333333333,False,True
0.1797752808988764,0.0,0.5476250314149284,0.0,0.1666666666666666,False,True
0.1808988764044944,1.0,0.497361146016587,0.0,0.0,True,False
0.1820224719101124,0.0,0.3214375471223925,0.0,0.0,False,True
0.1831460674157303,0.0,0.2083438049761246,0.0,0.0,False,True
0.1842696629213483,0.0,0.0072882633827594,0.5,0.1666666666666666,False,True
0.1853932584269663,1.0,0.107816034179442,0.0,0.3333333333333333,False,True
0.1865168539325843,1.0,,0.0,0.1666666666666666,False,False
0.1876404494382022,0.0,0.5601910027645137,0.125,0.6666666666666666,False,True
0.1887640449438202,0.0,,0.0,0.0,False,False
0.1898876404494382,0.0,0.3465694898215631,0.0,0.0,False,True
0.1910112359550562,0.0,0.7612465443578789,0.0,0.0,False,False
0.1921348314606741,0.0,0.0449861774315154,0.5,0.1666666666666666,False,True
0.1932584269662921,1.0,0.0072882633827594,0.125,0.1666666666666666,False,True
0.1943820224719101,0.0,0.2586076903744659,0.0,0.0,False,True
0.1955056179775281,0.0,0.6984166876099522,0.0,0.0,False,False
0.1966292134831461,0.0,0.22090977632571,0.125,0.1666666666666666,False,True
0.197752808988764,0.0,,0.375,0.1666666666666666,False,True
0.198876404494382,0.0,0.6230208595124404,0.0,0.0,False,False
0.2,0.0,0.3717014325207338,0.0,0.0,True,False
0.201123595505618,0.0,0.4470972606182458,0.0,0.0,False,True
0.2022471910112359,0.0,,1.0,0.3333333333333333,False,True
0.2033707865168539,0.0,,0.0,0.0,True,False
0.2044943820224719,0.0,0.107816034179442,0.5,0.3333333333333333,False,True
0.2056179775280899,1.0,0.0072882633827594,0.25,0.1666666666666666,True,False
0.2067415730337078,1.0,0.0449861774315154,0.0,0.3333333333333333,False,True
0.2078651685393258,0.0,,0.0,0.0,False,False
0.2089887640449438,1.0,,0.125,0.0,False,True
0.2101123595505618,1.0,0.5601910027645137,0.0,0.0,False,False
0.2112359550561798,0.0,0.497361146016587,0.125,0.1666666666666666,False,True
0.2123595505617977,0.0,0.4470972606182458,0.0,0.0,False,True
0.2134831460674157,1.0,0.3968333752199044,0.0,0.0,True,False
0.2146067415730337,0.0,0.2334757476752953,0.0,0.0,True,False
0.2157303370786517,1.0,0.2334757476752953,0.125,0.0,False,True
0.2168539325842697,1.0,0.0324202060819301,0.125,0.1666666666666666,True,False
0.2179775280898876,1.0,0.5476250314149284,0.0,0.0,False,False
0.2191011235955056,1.0,0.723548630309123,0.0,0.0,False,False
0.2202247191011236,0.0,,0.0,0.0,False,True
0.2213483146067416,0.0,0.5224930887157577,0.0,0.1666666666666666,False,True
0.2224719101123596,1.0,,0.0,0.0,False,True
0.2235955056179775,0.0,0.2963056044232219,0.0,0.0,True,False
0.2247191011235955,0.0,0.3465694898215631,0.0,0.0,False,True
0.2258426966292135,0.0,,1.0,0.3333333333333333,False,True
0.2269662921348315,0.0,0.4219653179190751,0.0,0.0,False,True
0.2280898876404494,0.0,0.5664739884393064,0.0,0.0,False,True
0.2292134831460674,1.0,0.22090977632571,0.0,0.0,False,True
0.2303370786516854,0.0,0.0198542347323448,0.0,0.1666666666666666,False,True
0.2314606741573034,0.0,0.3968333752199044,0.125,0.0,False,True
0.2325842696629213,1.0,0.3214375471223925,0.0,0.0,False,True
0.2337078651685393,1.0,0.1957778336265393,0.0,0.0,False,True
0.2348314606741573,1.0,0.497361146016587,0.0,0.0,False,False
0.2359550561797753,0.0,0.2963056044232219,0.0,0.0,False,True
0.2370786516853933,1.0,0.4345312892686604,0.0,0.0,True,False
0.2382022471910112,0.0,0.2711736617240512,0.0,0.0,False,True
0.2393258426966292,0.0,0.3717014325207338,0.0,0.0,True,False
0.2404494382022472,0.0,,0.125,0.0,False,True
0.2415730337078652,1.0,0.3842674038703191,0.125,0.0,False,False
0.2426966292134831,1.0,0.3340035184719778,0.0,0.0,False,True
0.2438202247191011,0.0,0.5224930887157577,0.125,0.0,True,False
0.2449438202247191,1.0,0.3968333752199044,0.0,0.0,False,False
0.2460674157303371,0.0,0.3717014325207338,0.0,0.0,True,False
0.247191011235955,1.0,0.1957778336265393,0.0,0.0,False,True
0.248314606741573,0.0,0.3340035184719778,0.0,0.0,True,False
0.249438202247191,0.0,0.6355868308620256,0.0,0.0,False,True
0.250561797752809,0.0,,0.0,0.0,False,True
0.251685393258427,1.0,0.4722292033174164,0.125,0.0,False,False
0.2528089887640449,0.0,0.2711736617240512,0.0,0.0,False,True
0.253932584269663,1.0,0.2334757476752953,0.0,0.0,True,False
0.2550561797752809,0.0,0.2523247046996733,0.0,0.0,False,True
0.2561797752808989,0.0,0.22090977632571,0.0,0.0,True,False
0.2573033707865169,0.0,,0.375,0.1666666666666666,False,True
0.2584269662921348,1.0,0.4345312892686604,0.125,0.0,False,False
0.2595505617977528,0.0,0.3591354611711485,0.0,0.0,False,True
0.2606741573033708,0.0,0.7361146016587082,0.0,0.0,True,False
0.2617977528089888,1.0,0.0575521487811007,0.5,0.3333333333333333,False,True
0.2629213483146068,0.0,0.2963056044232219,0.0,0.0,True,False
0.2640449438202247,0.0,,0.0,0.0,False,True
0.2651685393258427,0.0,0.5476250314149284,0.125,0.0,True,False
0.2662921348314607,1.0,0.0952500628298567,0.0,0.3333333333333333,True,False
0.2674157303370786,0.0,0.2334757476752953,0.0,0.0,True,False
0.2685393258426967,0.0,0.4093993465694898,0.0,0.0,True,False
0.2696629213483146,0.0,,0.125,0.0,False,True
0.2707865168539326,1.0,,0.125,0.0,False,True
0.2719101123595506,0.0,0.3591354611711485,0.0,0.0,True,False
0.2730337078651685,0.0,0.2711736617240512,0.0,0.0,False,True
0.2741573033707865,0.0,0.3717014325207338,0.0,0.0,False,True
0.2752808988764045,0.0,0.5476250314149284,0.25,0.0,False,False
0.2764044943820225,0.0,0.3088715757728072,0.0,0.0,False,True
0.2775280898876405,1.0,0.2963056044232219,0.0,0.3333333333333333,True,False
0.2786516853932584,1.0,0.4596632319678311,0.125,0.1666666666666666,False,False
0.2797752808988764,0.0,0.6732847449107816,0.125,0.0,True,False
0.2808988764044944,0.0,,0.0,0.0,False,True
0.2820224719101123,0.0,0.3591354611711485,0.125,0.1666666666666666,False,True
0.2831460674157304,0.0,0.7738125157074642,0.0,0.0,False,False
0.2842696629213483,0.0,0.3717014325207338,0.125,0.0,False,True
0.2853932584269663,0.0,0.5099271173661725,0.0,0.3333333333333333,False,True
0.2865168539325843,1.0,0.3591354611711485,0.0,0.3333333333333333,False,True
0.2876404494382023,1.0,,0.0,0.0,False,False
0.2887640449438202,1.0,0.3717014325207338,0.0,0.0,False,False
0.2898876404494382,1.0,0.4345312892686604,0.0,0.0,False,False
0.2910112359550562,1.0,0.6230208595124404,0.0,0.1666666666666666,True,False
0.2921348314606742,0.0,,0.0,0.0,False,True
0.2932584269662922,1.0,0.0324202060819301,0.5,0.3333333333333333,False,True
0.2943820224719101,0.0,0.648152802211611,0.125,0.1666666666666666,False,False
0.2955056179775281,0.0,0.497361146016587,0.0,0.0,False,False
0.2966292134831461,0.0,,0.0,0.0,False,True
0.2977528089887641,0.0,0.4470972606182458,0.0,0.0,True,False
0.2988764044943821,0.0,0.1957778336265393,0.5,0.1666666666666666,False,True
0.3,1.0,0.3088715757728072,0.125,0.0,False,True
0.301123595505618,1.0,0.723548630309123,0.0,0.1666666666666666,False,False
0.302247191011236,1.0,0.4345312892686604,0.0,0.0,False,False
0.3033707865168539,0.0,,0.0,0.0,False,False
0.3044943820224719,1.0,0.3088715757728072,0.0,0.0,False,True
0.3056179775280899,1.0,0.5099271173661725,0.0,0.1666666666666666,True,False
0.3067415730337079,0.0,0.4596632319678311,0.0,0.1666666666666666,False,False
0.3078651685393259,1.0,,0.0,0.0,False,True
0.3089887640449438,1.0,0.7863784870570495,0.125,0.0,False,False
0.3101123595505618,0.0,0.5601910027645137,0.0,0.0,False,True
0.3112359550561798,0.0,,0.0,0.0,True,False
0.3123595505617978,0.0,0.0826840914802714,0.5,0.1666666666666666,False,True
0.3134831460674158,1.0,0.4345312892686604,0.125,0.1666666666666666,False,True
0.3146067415730337,0.0,0.8115104297562202,0.0,0.0,False,True
0.3157303370786517,0.0,0.3465694898215631,0.0,0.0,False,True
0.3168539325842697,0.0,0.1957778336265393,0.0,0.0,False,True
0.3179775280898876,1.0,0.2334757476752953,0.0,0.0,False,True
0.3191011235955056,0.0,,0.0,0.0,False,False
0.3202247191011236,0.0,0.4093993465694898,0.0,0.0,False,True
0.3213483146067416,1.0,0.3717014325207338,0.0,0.0,False,True
0.3224719101123596,0.0,0.2711736617240512,0.0,0.0,False,True
0.3235955056179775,1.0,0.5224930887157577,0.0,0.0,True,False
0.3247191011235955,1.0,0.2711736617240512,0.0,0.0,False,True
0.3258426966292135,1.0,0.3214375471223925,0.0,0.0,False,False
0.3269662921348314,1.0,0.2334757476752953,0.125,0.0,False,False
0.3280898876404495,0.0,0.4470972606182458,0.0,0.0,True,False
0.3292134831460674,0.0,0.2963056044232219,0.0,0.0,False,True
0.3303370786516854,0.0,0.2963056044232219,0.0,0.0,False,True
0.3314606741573034,0.0,,0.0,0.0,False,False
0.3325842696629214,0.0,0.2900226187484292,0.0,0.0,False,True
0.3337078651685393,0.0,0.0198542347323448,0.125,0.3333333333333333,False,False
0.3348314606741573,1.0,,0.0,0.0,False,False
0.3359550561797753,1.0,0.6230208595124404,0.0,0.1666666666666666,False,False
0.3370786516853933,1.0,,0.0,0.0,False,True
0.3382022471910113,1.0,,0.25,0.0,False,True
0.3393258426966292,0.0,0.2334757476752953,0.0,0.0,False,True
0.3404494382022472,1.0,,0.0,0.0,True,False
0.3415730337078652,0.0,,0.0,0.0,False,True
0.3426966292134832,1.0,0.0062829856747926,0.125,0.3333333333333333,False,False
0.3438202247191012,1.0,,0.0,0.0,False,False
0.3449438202247191,1.0,0.2083438049761246,0.125,0.0,False,False
0.3460674157303371,0.0,0.3717014325207338,0.125,0.0,True,False
0.3471910112359551,1.0,0.3717014325207338,0.0,0.0,False,False
0.348314606741573,1.0,0.2963056044232219,0.0,0.0,False,False
0.3494382022471911,1.0,0.22090977632571,0.25,0.3333333333333333,False,False
0.350561797752809,0.0,0.3214375471223925,0.125,0.1666666666666666,True,False
0.351685393258427,0.0,0.3465694898215631,0.0,0.0,False,True
0.352808988764045,0.0,0.5350590600653431,0.125,0.1666666666666666,True,False
0.3539325842696629,1.0,0.3214375471223925,0.0,0.0,False,True
0.3550561797752809,1.0,0.2963056044232219,0.125,0.0,True,False
0.3561797752808989,0.0,0.6732847449107816,0.0,0.0,True,False
0.3573033707865169,1.0,0.3842674038703191,0.0,0.3333333333333333,False,False
0.3584269662921349,1.0,0.497361146016587,0.125,0.1666666666666666,False,False
0.3595505617977528,0.0,0.2711736617240512,0.0,0.0,False,True
0.3606741573033708,0.0,0.3340035184719778,0.0,0.0,False,True
0.3617977528089888,1.0,0.3717014325207338,0.0,0.0,True,False
0.3629213483146067,1.0,0.2711736617240512,0.125,0.1666666666666666,True,False
0.3640449438202248,0.0,,1.0,0.3333333333333333,False,True
0.3651685393258427,1.0,0.4470972606182458,0.0,0.0,False,False
0.3662921348314607,0.0,0.7612465443578789,0.0,0.0,False,True
0.3674157303370787,1.0,0.4470972606182458,0.0,0.0,True,False
0.3685393258426966,1.0,0.3842674038703191,0.125,0.1666666666666666,False,True
0.3696629213483146,1.0,0.1957778336265393,0.0,0.1666666666666666,False,False
0.3707865168539326,1.0,,0.25,0.0,False,True
0.3719101123595506,0.0,0.5664739884393064,0.0,0.0,False,False
0.3730337078651686,0.0,0.4722292033174164,0.0,0.1666666666666666,False,False
0.3741573033707865,0.0,0.1957778336265393,0.25,0.0,False,True
0.3752808988764045,1.0,,0.125,0.0,False,False
0.3764044943820225,0.0,,0.0,0.0,False,True
0.3775280898876405,0.0,0.3591354611711485,0.125,0.0,False,False
0.3786516853932584,1.0,0.5099271173661725,0.0,0.0,False,False
0.3797752808988764,1.0,0.5601910027645137,0.0,0.0,False,True
0.3808988764044944,0.0,0.5601910027645137,0.0,0.0,False,False
0.3820224719101124,1.0,0.0198542347323448,0.125,0.1666666666666666,True,False
0.3831460674157304,1.0,0.2963056044232219,0.375,0.3333333333333333,False,False
0.3842696629213483,0.0,0.3465694898215631,0.0,0.0,True,False
0.3853932584269663,0.0,0.3088715757728072,0.0,0.0,True,False
0.3865168539325843,0.0,0.4470972606182458,0.0,0.0,True,False
0.3876404494382023,1.0,0.2963056044232219,0.0,0.0,True,False
0.3887640449438203,1.0,0.497361146016587,0.0,0.0,True,False
0.3898876404494382,1.0,,0.125,0.0,False,True
0.3910112359550562,1.0,0.0324202060819301,0.125,0.1666666666666666,False,True
0.3921348314606742,0.0,0.5224930887157577,0.0,0.0,False,True
0.3932584269662921,0.0,0.2837396330736366,0.0,0.0,False,True
0.3943820224719102,0.0,,0.0,0.0,False,False
0.3955056179775281,0.0,0.183211862276954,0.125,0.1666666666666666,False,True
0.3966292134831461,0.0,0.3088715757728072,0.125,0.0,False,True
0.3977528089887641,0.0,,0.0,0.0,False,True
0.398876404494382,0.0,0.3465694898215631,0.0,0.0,False,True
0.4,1.0,0.2711736617240512,0.0,0.1666666666666666,False,False
0.401123595505618,0.0,0.4722292033174164,0.0,0.0,True,False
0.402247191011236,1.0,,0.0,0.0,False,True
0.403370786516854,1.0,,0.0,0.0,False,True
0.4044943820224719,0.0,0.497361146016587,0.125,0.6666666666666666,False,True
0.4056179775280899,0.0,0.3591354611711485,0.125,0.0,True,False
0.4067415730337079,0.0,0.5601910027645137,0.0,0.1666666666666666,False,True
0.4078651685393258,0.0,0.4345312892686604,0.0,0.0,False,True
0.4089887640449439,0.0,,0.125,0.0,False,True
0.4101123595505618,0.0,0.3717014325207338,0.0,0.0,False,True
0.4112359550561798,1.0,0.7486805730082936,0.125,0.0,False,False
0.4123595505617978,1.0,,0.0,0.0,False,True
0.4134831460674157,1.0,,0.0,0.0,False,True
0.4146067415730337,1.0,0.2963056044232219,0.0,0.0,False,False
0.4157303370786517,1.0,0.3088715757728072,0.125,0.0,False,False
0.4168539325842697,0.0,0.22090977632571,0.125,0.0,False,True
0.4179775280898877,0.0,0.2334757476752953,0.0,0.0,False,True
0.4191011235955056,0.0,0.2711736617240512,0.0,0.0,False,False
0.4202247191011236,0.0,0.0324202060819301,0.375,0.1666666666666666,False,True
0.4213483146067416,1.0,,0.125,0.0,False,False
0.4224719101123595,1.0,0.2711736617240512,0.0,0.0,False,True
0.4235955056179776,0.0,0.3340035184719778,0.0,0.3333333333333333,False,False
0.4247191011235955,0.0,0.2460417190248806,0.0,0.0,False,True
0.4258426966292135,0.0,0.2334757476752953,0.0,0.0,False,True
0.4269662921348315,1.0,0.5224930887157577,0.0,0.0,False,False
0.4280898876404495,1.0,0.0072882633827594,0.0,0.3333333333333333,False,True
0.4292134831460674,0.0,0.3968333752199044,0.0,0.0,False,True
0.4303370786516854,1.0,0.4345312892686604,0.125,0.0,False,False
0.4314606741573034,0.0,,0.0,0.0,False,True
0.4325842696629214,0.0,0.22090977632571,0.0,0.0,True,False
0.4337078651685394,0.0,0.0072882633827594,0.625,0.3333333333333333,False,True
0.4348314606741573,1.0,0.4470972606182458,0.0,0.0,True,False
0.4359550561797753,0.0,,0.0,0.0,False,True
0.4370786516853933,1.0,0.2083438049761246,0.0,0.0,True,False
0.4382022471910113,1.0,0.4470972606182458,0.125,0.3333333333333333,False,False
0.4393258426966293,1.0,0.2586076903744659,0.0,0.0,False,True
0.4404494382022472,0.0,0.3465694898215631,0.25,0.0,False,True
0.4415730337078652,1.0,0.2837396330736366,0.125,0.0,False,False
0.4426966292134832,1.0,0.2963056044232219,0.0,0.3333333333333333,False,True
0.4438202247191011,0.0,0.2711736617240512,0.0,0.0,False,True
0.4449438202247191,0.0,0.3842674038703191,0.0,0.0,False,True
0.4460674157303371,0.0,0.5727569741140991,0.0,0.0,True,False
0.4471910112359551,0.0,0.2837396330736366,0.0,0.0,True,False
0.4483146067415731,1.0,0.3465694898215631,0.0,0.0,True,False
0.449438202247191,1.0,0.4847951746670017,0.0,0.0,False,True
0.450561797752809,0.0,0.3214375471223925,0.0,0.0,False,True
0.451685393258427,0.0,0.2586076903744659,0.125,0.0,False,True
0.452808988764045,0.0,0.3465694898215631,0.125,0.0,False,True
0.453932584269663,0.0,0.2460417190248806,0.0,0.0,False,True
0.4550561797752809,0.0,0.4219653179190751,0.125,0.0,True,False
0.4561797752808989,0.0,0.6355868308620256,0.0,0.0,False,True
0.4573033707865169,1.0,0.0324202060819301,0.125,0.1666666666666666,True,False
0.4584269662921348,0.0,0.2586076903744659,0.0,0.0,False,True
0.4595505617977528,0.0,,0.375,0.1666666666666666,False,True
0.4606741573033708,0.0,,0.0,0.0,False,True
0.4617977528089888,0.0,,0.0,0.0,False,True
0.4629213483146068,1.0,0.4093993465694898,0.125,0.0,False,False
0.4640449438202247,0.0,,0.0,0.0,True,False
0.4651685393258427,1.0,0.5476250314149284,0.0,0.0,False,True
0.4662921348314607,0.0,,0.0,0.0,False,True
0.4674157303370787,1.0,0.4219653179190751,0.125,0.1666666666666666,True,False
0.4685393258426967,1.0,0.22090977632571,0.0,0.3333333333333333,True,False
0.4696629213483146,0.0,0.3717014325207338,0.0,0.0,True,False
0.4707865168539326,0.0,0.1203820055290273,0.0,0.3333333333333333,False,True
0.4719101123595506,0.0,,0.0,0.0,False,True
0.4730337078651686,0.0,0.2586076903744659,0.0,0.0,False,True
0.4741573033707865,0.0,0.3591354611711485,0.0,0.0,False,True
0.4752808988764045,0.0,0.3465694898215631,0.125,0.1666666666666666,False,True
0.4764044943820225,0.0,0.22090977632571,0.125,0.1666666666666666,False,True
0.4775280898876405,0.0,,0.0,0.0,False,True
0.4786516853932585,1.0,0.3465694898215631,0.125,0.0,True,False
0.4797752808988764,1.0,0.2334757476752953,0.0,0.0,True,False
0.4808988764044944,0.0,,0.0,0.0,False,True
0.4820224719101124,1.0,0.3968333752199044,0.0,0.0,False,True
0.4831460674157304,1.0,0.3465694898215631,0.0,0.0,False,False
0.4842696629213484,1.0,,0.125,0.0,False,True
0.4853932584269663,1.0,0.5224930887157577,0.125,0.0,True,False
0.4865168539325843,0.0,0.2083438049761246,0.0,0.0,False,True
0.4876404494382023,0.0,0.6230208595124404,0.125,0.0,False,False
0.4887640449438202,1.0,0.1706458909273686,0.125,0.3333333333333333,False,False
0.4898876404494383,0.0,0.2586076903744659,0.25,0.3333333333333333,False,True
0.4910112359550562,1.0,0.2963056044232219,0.25,0.5,True,False
0.4921348314606742,0.0,0.7989444584066349,0.125,0.6666666666666666,False,False
0.4932584269662922,0.0,0.3842674038703191,0.0,0.0,True,False
0.4943820224719101,1.0,0.5601910027645137,0.125,0.1666666666666666,True,False
0.4955056179775281,0.0,0.2460417190248806,0.0,0.0,False,True
0.4966292134831461,0.0,0.3088715757728072,0.125,0.0,False,True
0.4977528089887641,1.0,0.3465694898215631,0.0,0.0,True,False
0.498876404494382,1.0,,0.0,0.0,False,True
0.5,1.0,0.0449861774315154,0.0,0.3333333333333333,False,False
0.501123595505618,1.0,0.1580799195777833,0.0,0.1666666666666666,True,False
0.5022471910112359,1.0,0.4219653179190751,0.0,0.0,False,False
0.503370786516854,1.0,0.0575521487811007,0.25,0.1666666666666666,False,True
0.5044943820224719,1.0,0.648152802211611,0.0,0.0,False,False
0.5056179775280899,0.0,0.4470972606182458,0.125,0.3333333333333333,True,False
0.5067415730337078,0.0,,0.125,0.0,False,True
0.5078651685393258,0.0,0.3717014325207338,0.0,0.0,False,False
0.5089887640449439,1.0,0.610454888162855,0.125,0.0,False,False
0.5101123595505618,0.0,,0.0,0.0,False,True
0.5112359550561798,1.0,0.3591354611711485,0.0,0.0,False,True
0.5123595505617977,0.0,0.8115104297562202,0.0,0.0,False,False
0.5134831460674157,1.0,,0.125,0.0,False,False
0.5146067415730337,1.0,0.6230208595124404,0.0,0.0,True,False
0.5157303370786517,0.0,,0.0,0.0,False,True
0.5168539325842697,1.0,0.5978889168132697,0.0,0.0,False,False
0.5179775280898876,0.0,0.4219653179190751,0.0,0.0,False,True
0.5191011235955056,0.0,0.5853229454636844,0.0,0.0,False,False
0.5202247191011236,0.0,0.5978889168132697,0.0,0.0,True,False
0.5213483146067416,0.0,,0.0,0.0,False,True
0.5224719101123595,0.0,0.4722292033174164,0.0,0.0,False,True
0.5235955056179775,0.0,,0.0,0.0,True,False
0.5247191011235955,0.0,0.6984166876099522,0.0,0.0,False,False
0.5258426966292135,0.0,,0.0,0.0,False,True
0.5269662921348315,1.0,0.0041467705453631,0.25,0.1666666666666666,False,True
0.5280898876404494,0.0,,0.0,0.0,False,True
0.5292134831460674,0.0,0.4722292033174164,0.0,0.0,False,True
0.5303370786516854,1.0,0.4093993465694898,0.125,0.3333333333333333,True,False
0.5314606741573034,1.0,0.2837396330736366,0.0,0.0,True,False
0.5325842696629214,0.0,0.2711736617240512,0.0,0.0,False,True
0.5337078651685393,0.0,,0.0,0.0,False,False
0.5348314606741573,0.0,0.4219653179190751,0.125,0.0,True,False
0.5359550561797752,0.0,0.3591354611711485,0.125,0.0,False,True
0.5370786516853933,0.0,0.2711736617240512,0.0,0.0,False,True
0.5382022471910113,1.0,0.0198542347323448,0.0,0.1666666666666666,False,True
0.5393258426966292,0.0,0.107816034179442,0.625,0.3333333333333333,False,True
0.5404494382022472,0.0,,0.0,0.0,True,False
0.5415730337078651,0.0,0.6230208595124404,0.0,0.0,False,True
0.5426966292134832,1.0,0.7863784870570495,0.0,0.0,False,True
0.5438202247191011,1.0,0.3088715757728072,0.125,0.0,False,False
0.5449438202247191,0.0,,0.375,0.1666666666666666,False,True
0.5460674157303371,1.0,0.4345312892686604,0.125,0.0,False,False
0.547191011235955,0.0,0.723548630309123,0.0,0.0,False,False
0.5483146067415731,0.0,0.3717014325207338,0.0,0.0,False,True
0.549438202247191,1.0,0.107816034179442,0.125,0.1666666666666666,False,True
0.550561797752809,0.0,,0.125,0.0,False,True
0.5516853932584269,0.0,0.2586076903744659,0.0,0.0,False,True
0.5528089887640449,0.0,0.685850716260367,0.0,0.0,False,False
0.553932584269663,0.0,0.8869062578537321,0.0,0.0,False,False
0.5550561797752809,0.0,0.2586076903744659,0.0,0.0,False,True
0.5561797752808989,0.0,,0.0,0.0,False,True
0.5573033707865168,1.0,0.6732847449107816,0.125,0.0,False,False
0.5584269662921348,0.0,,0.0,0.0,False,True
0.5595505617977529,0.0,0.3088715757728072,0.125,0.3333333333333333,False,False
0.5606741573033708,0.0,0.2963056044232219,0.0,0.0,False,True
0.5617977528089888,0.0,0.2083438049761246,0.0,0.0,False,True
0.5629213483146067,0.0,0.2586076903744659,0.0,0.0,False,True
0.5640449438202247,0.0,,0.0,0.0,False,True
0.5651685393258427,0.0,0.4596632319678311,0.0,0.0,False,True
0.5662921348314607,1.0,0.1957778336265393,0.0,0.0,False,False
0.5674157303370787,0.0,0.22090977632571,0.125,0.0,False,False
0.5685393258426966,1.0,0.4093993465694898,0.0,0.3333333333333333,True,False
0.5696629213483146,1.0,,0.0,0.0,False,False
0.5707865168539326,0.0,0.3465694898215631,0.0,0.0,False,True
0.5719101123595506,1.0,0.3214375471223925,0.0,0.0,False,True
0.5730337078651685,1.0,0.3591354611711485,0.0,0.0,False,True
0.5741573033707865,0.0,,0.0,0.0,False,True
0.5752808988764045,1.0,0.4470972606182458,0.0,0.0,False,False
0.5764044943820225,1.0,0.6732847449107816,0.125,0.0,False,False
0.5775280898876405,0.0,0.2963056044232219,0.0,0.0,False,True
0.5786516853932584,0.0,0.5853229454636844,0.0,0.0,False,False
0.5797752808988764,1.0,0.4219653179190751,0.0,0.0,True,False
0.5808988764044943,0.0,,0.0,0.0,False,True
0.5820224719101124,1.0,0.4470972606182458,0.125,0.0,True,False
0.5831460674157304,0.0,0.3968333752199044,0.0,0.0,False,True
0.5842696629213483,1.0,0.3717014325207338,0.0,0.0,False,False
0.5853932584269663,0.0,0.2711736617240512,0.0,0.0,False,True
0.5865168539325842,0.0,,0.0,0.0,False,True
0.5876404494382023,1.0,0.5476250314149284,0.0,0.1666666666666666,False,False
0.5887640449438202,0.0,,0.0,0.0,False,True
0.5898876404494382,0.0,0.5036441316913798,0.0,0.0,False,True
0.5910112359550562,1.0,0.6230208595124404,0.0,0.0,True,False
0.5921348314606741,0.0,,0.0,0.0,False,False
0.5932584269662922,0.0,0.4847951746670017,0.0,0.0,False,True
0.5943820224719101,0.0,0.2837396330736366,0.25,0.1666666666666666,True,False
0.5955056179775281,1.0,0.0198542347323448,0.125,0.1666666666666666,True,False
0.5966292134831461,0.0,,0.0,0.0,False,True
0.597752808988764,0.0,0.2083438049761246,0.125,0.1666666666666666,False,True
0.5988764044943821,1.0,,0.0,0.3333333333333333,False,True
0.6,0.0,0.3717014325207338,0.0,0.0,False,True
0.601123595505618,1.0,0.0826840914802714,0.0,0.3333333333333333,True,False
0.6022471910112359,0.0,0.5601910027645137,0.0,0.0,False,False
0.6033707865168539,1.0,0.3717014325207338,0.0,0.0,False,False
0.604494382022472,0.0,,0.0,0.0,False,True
0.6056179775280899,1.0,0.2711736617240512,0.0,0.3333333333333333,False,False
0.6067415730337079,1.0,0.4470972606182458,0.0,0.3333333333333333,False,False
0.6078651685393258,0.0,0.107816034179442,0.5,0.3333333333333333,False,True
0.6089887640449438,0.0,0.1329479768786127,0.5,0.3333333333333333,False,True
0.6101123595505618,1.0,0.3968333752199044,0.125,0.0,True,False
0.6112359550561798,0.0,0.6230208595124404,0.125,0.0,False,False
0.6123595505617978,0.0,0.7989444584066349,0.0,0.0,False,False
0.6134831460674157,1.0,0.2334757476752953,0.125,0.0,True,False
0.6146067415730337,1.0,,0.0,0.0,True,False
0.6157303370786517,0.0,0.4093993465694898,0.125,0.1666666666666666,False,True
0.6168539325842697,1.0,0.0952500628298567,0.125,0.1666666666666666,True,False
0.6179775280898876,1.0,0.2083438049761246,0.0,0.3333333333333333,False,False
0.6191011235955056,0.0,0.3340035184719778,0.0,0.0,True,False
0.6202247191011236,0.0,,0.0,0.0,False,True
0.6213483146067416,1.0,0.2711736617240512,0.0,0.0,False,True
0.6224719101123596,1.0,0.2711736617240512,0.0,0.0,False,True
0.6235955056179775,0.0,0.7738125157074642,0.0,0.0,False,False
0.6247191011235955,1.0,0.5978889168132697,0.125,0.0,False,False
0.6258426966292135,0.0,,0.0,0.0,False,False
0.6269662921348315,1.0,0.4847951746670017,0.125,0.1666666666666666,False,False
0.6280898876404495,1.0,0.4470972606182458,0.125,0.0,False,True
0.6292134831460674,0.0,,0.0,0.0,False,True
0.6303370786516854,0.0,0.497361146016587,0.0,0.0,False,True
0.6314606741573033,0.0,0.3465694898215631,0.0,0.0,True,False
0.6325842696629214,0.0,,0.0,0.0,False,True
0.6337078651685394,0.0,,0.0,0.0,False,True
0.6348314606741573,0.0,0.2963056044232219,0.25,0.0,False,True
0.6359550561797753,0.0,0.2334757476752953,0.0,0.0,False,True
0.6370786516853932,0.0,0.3591354611711485,0.0,0.6666666666666666,False,True
0.6382022471910113,0.0,,0.0,0.0,False,True
0.6393258426966292,1.0,0.3968333752199044,0.0,0.0,False,True
0.6404494382022472,1.0,0.7738125157074642,0.0,0.0,True,False
0.6415730337078652,1.0,0.6607187735611963,0.25,0.0,False,False
0.6426966292134831,1.0,0.4470972606182458,0.0,0.0,False,False
0.6438202247191012,1.0,,0.0,0.0,False,True
0.6449438202247191,0.0,0.1957778336265393,0.0,0.0,False,True
0.6460674157303371,0.0,0.2334757476752953,0.0,0.0,False,True
0.647191011235955,1.0,0.4219653179190751,0.0,0.0,True,False
0.648314606741573,1.0,0.4847951746670017,0.125,0.0,False,False
0.6494382022471911,0.0,,0.125,0.0,False,True
0.650561797752809,1.0,0.3968333752199044,0.0,0.0,False,True
0.651685393258427,1.0,0.3088715757728072,0.125,0.1666666666666666,True,False
0.6528089887640449,1.0,0.4847951746670017,0.125,0.1666666666666666,False,False
0.6539325842696629,0.0,0.6732847449107816,0.0,0.0,True,False
0.6550561797752809,0.0,0.4470972606182458,0.0,0.0,False,False
0.6561797752808989,0.0,,0.0,0.0,False,True
0.6573033707865169,1.0,0.22090977632571,0.0,0.3333333333333333,False,False
0.6584269662921348,0.0,0.5853229454636844,0.0,0.0,True,False
0.6595505617977528,1.0,0.7486805730082936,0.125,0.1666666666666666,False,False
0.6606741573033708,0.0,0.2711736617240512,0.0,0.0,False,True
0.6617977528089888,0.0,,0.0,0.0,False,True
0.6629213483146068,0.0,0.4345312892686604,0.0,0.0,False,True
0.6640449438202247,1.0,0.648152802211611,0.125,0.0,False,False
0.6651685393258427,0.0,0.5853229454636844,0.0,0.0,False,True
0.6662921348314607,0.0,,0.0,0.3333333333333333,False,True
0.6674157303370787,0.0,0.4596632319678311,0.125,0.0,True,False
0.6685393258426966,0.0,0.4470972606182458,0.125,0.1666666666666666,False,True
0.6696629213483146,1.0,,0.0,0.0,True,False
0.6707865168539326,0.0,0.610454888162855,0.0,0.0,False,True
0.6719101123595506,0.0,,0.0,0.0,False,True
0.6730337078651686,1.0,0.610454888162855,0.125,0.0,False,False
0.6741573033707865,1.0,0.2963056044232219,0.25,0.1666666666666666,True,False
0.6752808988764045,0.0,,0.0,0.0,False,True
0.6764044943820224,0.0,,0.0,0.0,False,False
0.6775280898876405,0.0,0.5476250314149284,0.0,0.0,False,True
0.6786516853932585,1.0,0.4345312892686604,0.0,0.0,False,False
0.6797752808988764,0.0,0.4470972606182458,0.125,0.0,False,True
0.6808988764044944,0.0,0.3717014325207338,0.0,0.0,False,True
0.6820224719101123,1.0,0.3340035184719778,0.0,0.0,False,False
0.6831460674157304,1.0,0.2711736617240512,0.125,0.3333333333333333,True,False
0.6842696629213483,1.0,0.497361146016587,0.0,0.0,False,False
0.6853932584269663,0.0,0.4847951746670017,0.125,0.8333333333333333,False,True
0.6865168539325843,0.0,,0.0,0.0,False,True
0.6876404494382022,1.0,,0.125,0.0,False,True
0.6887640449438203,0.0,,0.0,0.0,False,True
0.6898876404494382,0.0,0.4345312892686604,0.0,0.0,False,True
0.6910112359550562,1.0,0.2963056044232219,0.125,0.3333333333333333,True,False
0.6921348314606741,0.0,0.4219653179190751,0.125,0.1666666666666666,False,True
0.6932584269662921,0.0,0.3214375471223925,0.125,0.0,False,True
0.6943820224719102,1.0,0.0449861774315154,0.25,0.1666666666666666,True,False
0.6955056179775281,0.0,0.3214375471223925,0.0,0.0,True,False
0.6966292134831461,0.0,0.3340035184719778,0.125,0.0,False,True
0.697752808988764,1.0,0.5224930887157577,0.125,0.0,False,False
0.698876404494382,1.0,0.2460417190248806,0.125,0.1666666666666666,False,True
0.7000000000000001,0.0,0.2586076903744659,0.0,0.0,False,True
0.701123595505618,0.0,0.2586076903744659,0.0,0.0,False,True
0.702247191011236,0.0,0.7612465443578789,0.0,0.0,False,False
0.7033707865168539,0.0,0.7109826589595376,0.0,0.0,True,False
0.7044943820224719,1.0,0.2586076903744659,0.0,0.0,False,False
0.7056179775280899,0.0,0.3214375471223925,0.0,0.0,False,True
0.7067415730337079,0.0,,0.0,0.0,False,True
0.7078651685393259,1.0,1.0,0.0,0.0,False,False
0.7089887640449438,0.0,0.6355868308620256,0.0,0.0,False,True
0.7101123595505618,1.0,0.3968333752199044,0.0,0.0,False,False
0.7112359550561798,0.0,,0.0,0.0,False,False
0.7123595505617978,0.0,0.107816034179442,0.375,0.3333333333333333,False,True
0.7134831460674157,1.0,0.3465694898215631,0.0,0.0,True,False
0.7146067415730337,0.0,0.3968333752199044,0.0,0.0,False,True
0.7157303370786517,0.0,0.3842674038703191,0.125,0.1666666666666666,True,False
0.7168539325842697,0.0,0.5099271173661725,0.0,0.8333333333333333,False,True
0.7179775280898877,0.0,,0.125,0.0,False,True
0.7191011235955056,0.0,0.2460417190248806,0.0,0.0,False,True
0.7202247191011236,1.0,0.2963056044232219,0.0,0.0,False,False
0.7213483146067415,0.0,0.0198542347323448,0.375,0.3333333333333333,False,True
0.7224719101123596,1.0,,0.0,0.0,False,True
0.7235955056179776,1.0,0.0041467705453631,0.25,0.1666666666666666,False,True
0.7247191011235955,1.0,0.5978889168132697,0.125,0.0,False,False
0.7258426966292135,0.0,0.2334757476752953,0.0,0.0,False,True
0.7269662921348314,1.0,0.6984166876099522,0.0,0.0,False,False
0.7280898876404495,0.0,,0.0,0.0,False,True
0.7292134831460675,1.0,0.2837396330736366,0.0,0.0,False,True
0.7303370786516854,0.0,,0.0,0.0,False,True
0.7314606741573034,1.0,0.22090977632571,0.0,0.1666666666666666,True,False
0.7325842696629213,0.0,0.2586076903744659,0.0,0.0,False,True
0.7337078651685394,1.0,,0.0,0.0,False,True
0.7348314606741573,0.0,0.22090977632571,0.0,0.0,False,True
0.7359550561797753,0.0,0.2963056044232219,0.25,0.0,True,False
0.7370786516853933,0.0,,0.0,0.0,False,True
0.7382022471910112,0.0,0.3968333752199044,0.125,0.1666666666666666,False,True
0.7393258426966293,0.0,0.2837396330736366,0.0,0.0,True,False
0.7404494382022472,0.0,0.723548630309123,0.0,0.3333333333333333,False,False
0.7415730337078652,1.0,0.6230208595124404,0.25,0.0,False,False
0.7426966292134831,0.0,0.497361146016587,0.0,0.0,False,True
0.7438202247191011,0.0,0.5853229454636844,0.0,0.0,False,False
0.7449438202247192,0.0,0.4470972606182458,0.0,0.0,False,True
0.7460674157303371,1.0,0.2460417190248806,0.125,0.0,False,True
0.7471910112359551,0.0,0.3968333752199044,0.25,0.0,True,False
0.748314606741573,0.0,0.3088715757728072,0.0,0.0,True,False
0.749438202247191,0.0,,0.0,0.0,False,True
0.750561797752809,0.0,0.5350590600653431,0.0,0.0,False,True
0.751685393258427,1.0,,0.125,0.0,False,False
0.752808988764045,1.0,0.497361146016587,0.125,0.1666666666666666,True,False
0.7539325842696629,0.0,0.3842674038703191,0.125,0.0,False,False
0.755056179775281,0.0,0.8743402865041467,0.0,0.0,True,False
0.7561797752808989,1.0,0.3842674038703191,0.0,0.0,True,False
0.7573033707865169,0.0,,0.0,0.0,True,False
0.7584269662921348,0.0,0.22090977632571,0.0,0.0,False,True
0.7595505617977528,0.0,0.3025885900980145,0.0,0.0,False,True
0.7606741573033708,1.0,0.22090977632571,0.0,0.0,False,True
0.7617977528089888,0.0,0.5350590600653431,0.125,1.0,False,True
0.7629213483146068,1.0,0.4470972606182458,0.0,0.1666666666666666,False,False
0.7640449438202247,0.0,,0.0,0.0,False,True
0.7651685393258427,1.0,0.3340035184719778,0.0,0.0,False,False
0.7662921348314607,0.0,0.2460417190248806,0.0,0.0,False,True
0.7674157303370787,0.0,0.1706458909273686,0.625,0.3333333333333333,False,True
0.7685393258426967,0.0,0.7486805730082936,0.125,0.1666666666666666,True,False
0.7696629213483146,0.0,0.3088715757728072,0.125,0.3333333333333333,True,False
0.7707865168539326,0.0,0.1706458909273686,0.5,0.1666666666666666,False,True
0.7719101123595505,0.0,0.2334757476752953,0.0,0.0,False,True
0.7730337078651686,0.0,0.22090977632571,0.0,0.0,False,True
0.7741573033707866,1.0,0.183211862276954,0.0,0.1666666666666666,False,False
0.7752808988764045,1.0,0.3842674038703191,0.125,0.0,False,False
0.7764044943820225,1.0,0.0449861774315154,0.0,0.1666666666666666,False,True
0.7775280898876404,1.0,,0.0,0.0,False,True
0.7786516853932585,0.0,0.3088715757728072,0.0,0.0,False,True
0.7797752808988764,0.0,0.7486805730082936,0.0,0.0,False,False
0.7808988764044944,0.0,0.648152802211611,0.0,0.0,True,False
0.7820224719101124,0.0,0.5476250314149284,0.0,0.0,False,True
0.7831460674157303,1.0,,0.0,0.0,False,True
0.7842696629213484,0.0,0.610454888162855,0.125,0.1666666666666666,False,False
0.7853932584269663,0.0,0.5224930887157577,0.0,0.0,False,True
0.7865168539325843,1.0,0.22090977632571,0.125,0.0,False,False
0.7876404494382022,1.0,0.4345312892686604,0.0,0.0,False,False
0.7887640449438202,0.0,0.22090977632571,0.0,0.1666666666666666,False,True
0.7898876404494383,0.0,0.3088715757728072,0.0,0.0,False,True
0.7910112359550562,0.0,0.3214375471223925,0.125,0.0,False,True
0.7921348314606742,0.0,0.4847951746670017,0.0,0.0,True,False
0.7932584269662921,1.0,0.5601910027645137,0.0,0.0,True,False
0.7943820224719101,1.0,0.5224930887157577,0.0,0.0,False,False
0.7955056179775282,1.0,0.2711736617240512,0.0,0.0,False,False
0.7966292134831461,1.0,,0.125,0.1666666666666666,False,True
0.7977528089887641,1.0,0.2963056044232219,0.0,0.0,False,False
0.798876404494382,0.0,,0.0,0.0,False,False
0.8,1.0,0.5978889168132697,0.125,0.0,False,False
0.801123595505618,0.0,0.3591354611711485,0.0,0.0,False,True
0.802247191011236,0.0,0.648152802211611,0.0,0.0,True,False
0.803370786516854,0.0,0.2334757476752953,0.0,0.0,False,True
0.8044943820224719,1.0,0.4722292033174164,0.0,0.0,False,False
0.80561797752809,1.0,0.3340035184719778,0.0,0.0,True,False
0.8067415730337079,0.0,,0.0,0.0,False,True
0.8078651685393259,0.0,0.4093993465694898,0.0,0.0,False,True
0.8089887640449438,1.0,0.0701181201306861,0.0,0.1666666666666666,True,False
0.8101123595505618,0.0,0.2083438049761246,0.125,0.0,False,True
0.8112359550561798,0.0,0.4219653179190751,0.0,0.0,True,False
0.8123595505617978,0.0,0.6230208595124404,0.0,0.0,True,False
0.8134831460674158,1.0,0.3340035184719778,0.125,0.0,False,False
0.8146067415730337,0.0,0.2460417190248806,0.0,0.0,False,True
0.8157303370786517,1.0,0.3717014325207338,0.375,0.0,True,False
0.8168539325842696,1.0,,0.0,0.0,False,True
0.8179775280898877,0.0,0.3088715757728072,0.125,0.0,True,False
0.8191011235955057,0.0,0.3088715757728072,0.125,0.0,False,True
0.8202247191011236,1.0,0.3591354611711485,0.0,0.0,False,False
0.8213483146067416,0.0,0.1329479768786127,0.0,0.0,False,True
0.8224719101123595,0.0,,0.0,0.0,True,False
0.8235955056179776,0.0,0.2837396330736366,0.0,0.0,True,False
0.8247191011235955,0.0,0.2837396330736366,0.0,0.0,True,False
0.8258426966292135,0.0,0.3528524754963558,0.0,0.0,False,True
0.8269662921348315,0.0,0.5978889168132697,0.125,0.5,False,True
0.8280898876404494,1.0,0.4345312892686604,0.0,0.0,False,False
0.8292134831460675,0.0,,0.0,0.0,False,True
0.8303370786516854,0.0,,0.0,0.0,False,True
0.8314606741573034,1.0,,0.0,0.0,False,False
0.8325842696629214,0.0,0.4470972606182458,0.125,0.0,False,False
0.8337078651685393,1.0,0.2586076903744659,0.25,0.3333333333333333,False,False
0.8348314606741574,0.0,0.2963056044232219,0.125,0.0,False,True
0.8359550561797753,1.0,0.3842674038703191,0.0,0.0,False,True
0.8370786516853933,0.0,0.8743402865041467,0.125,0.1666666666666666,False,False
0.8382022471910112,0.0,0.1957778336265393,0.125,0.1666666666666666,False,True
0.8393258426966292,1.0,0.3717014325207338,0.0,0.0,True,False
0.8404494382022473,0.0,0.2334757476752953,0.125,0.0,False,False
0.8415730337078652,0.0,0.3842674038703191,0.0,0.0,False,True
0.8426966292134832,1.0,0.0449861774315154,0.125,0.1666666666666666,True,False
0.8438202247191011,1.0,0.0701181201306861,0.0,0.1666666666666666,False,True
0.8449438202247191,0.0,0.4093993465694898,0.0,0.0,False,True
0.8460674157303371,0.0,0.2837396330736366,0.0,0.0,False,True
0.8471910112359551,1.0,0.5978889168132697,0.125,0.3333333333333333,True,False
0.8483146067415731,1.0,0.0031414928373963,0.125,0.1666666666666666,True,False
0.849438202247191,0.0,0.3465694898215631,0.0,0.0,False,True
0.850561797752809,0.0,0.22090977632571,0.0,0.0,True,False
0.851685393258427,0.0,0.4219653179190751,0.0,0.0,False,True
0.852808988764045,1.0,0.4093993465694898,0.0,0.0,False,False
0.8539325842696629,0.0,,0.0,0.0,False,True
0.8550561797752809,0.0,0.5099271173661725,0.0,0.0,False,True
0.856179775280899,1.0,0.2460417190248806,0.0,0.0,False,True
0.8573033707865169,1.0,0.4470972606182458,0.125,0.3333333333333333,False,False
0.8584269662921349,0.0,0.1957778336265393,0.0,0.0,False,True
0.8595505617977528,1.0,0.6355868308620256,0.125,0.0,False,False
0.8606741573033708,0.0,,0.0,0.0,False,False
0.8617977528089887,0.0,0.3779844181955265,0.0,0.0,False,True
0.8629213483146068,0.0,,0.125,0.0,False,True
0.8640449438202248,0.0,0.3968333752199044,0.0,0.0,False,True
0.8651685393258427,0.0,0.2963056044232219,0.0,0.0,False,True
0.8662921348314607,0.0,0.5978889168132697,0.0,0.0,False,True
0.8674157303370786,0.0,0.7109826589595376,0.0,0.0,True,False
0.8685393258426967,0.0,,0.0,0.0,False,True
0.8696629213483147,1.0,0.6732847449107816,0.125,0.5,True,False
0.8707865168539326,0.0,0.22090977632571,0.0,0.0,False,True
0.8719101123595506,0.0,,0.0,0.0,False,True
0.8730337078651685,1.0,0.0575521487811007,0.0,0.0,False,True
0.8741573033707866,0.0,,0.0,0.0,False,True
0.8752808988764045,1.0,0.5350590600653431,0.0,0.1666666666666666,False,False
0.8764044943820225,1.0,0.1580799195777833,0.0,0.0,False,True
0.8775280898876405,1.0,0.2083438049761246,0.125,0.0,False,False
0.8786516853932584,0.0,0.3591354611711485,0.0,0.0,False,False
0.8797752808988765,0.0,,0.125,0.3333333333333333,False,True
0.8808988764044944,0.0,0.3088715757728072,0.0,0.0,False,True
0.8820224719101124,0.0,0.3088715757728072,0.0,0.0,False,True
0.8831460674157303,1.0,0.22090977632571,0.0,0.0,False,True
0.8842696629213483,0.0,0.0952500628298567,0.5,0.1666666666666666,False,True
0.8853932584269664,1.0,0.0072882633827594,0.125,0.3333333333333333,False,True
0.8865168539325843,0.0,0.5727569741140991,0.0,0.0,False,False
0.8876404494382023,0.0,,0.0,0.0,False,True
0.8887640449438202,0.0,0.1957778336265393,0.0,0.0,True,False
0.8898876404494382,0.0,,1.0,0.3333333333333333,False,True
0.8910112359550562,0.0,,0.0,0.0,False,False
0.8921348314606742,0.0,0.3088715757728072,0.0,0.0,False,True
0.8932584269662922,0.0,0.4847951746670017,0.0,0.0,True,False
0.8943820224719101,1.0,0.610454888162855,0.0,0.0,False,False
0.8955056179775281,1.0,0.3842674038703191,0.0,0.0,False,True
0.8966292134831461,0.0,0.3717014325207338,0.0,0.0,False,True
0.8977528089887641,0.0,0.3717014325207338,0.125,0.1666666666666666,False,True
0.8988764044943821,0.0,0.4219653179190751,0.0,0.0,True,False
0.9,1.0,0.3842674038703191,0.125,0.1666666666666666,True,False
0.901123595505618,1.0,0.1329479768786127,0.125,0.3333333333333333,False,False
0.902247191011236,1.0,0.0,0.0,0.1666666666666666,False,True
0.903370786516854,1.0,0.3340035184719778,0.0,0.0,False,True
0.904494382022472,0.0,0.3842674038703191,0.0,0.0,False,True
0.90561797752809,0.0,0.4847951746670017,0.0,0.0,False,False
0.906741573033708,0.0,0.22090977632571,0.0,0.0,False,True
0.907865168539326,0.0,0.4847951746670017,0.0,0.0,True,False
0.908988764044944,1.0,0.4093993465694898,0.125,0.0,False,False
0.9101123595505618,0.0,0.3214375471223925,0.0,0.0,False,True
0.9112359550561798,0.0,0.4847951746670017,0.0,0.0,False,True
0.9123595505617976,0.0,0.4345312892686604,0.0,0.0,True,False
0.9134831460674158,0.0,0.0701181201306861,0.5,0.3333333333333333,False,True
0.9146067415730338,0.0,0.3779844181955265,0.0,0.0,False,True
0.9157303370786516,0.0,,0.0,0.0,False,False
0.9168539325842696,0.0,0.2837396330736366,0.0,0.0,False,True
0.9179775280898876,0.0,0.3842674038703191,0.125,0.1666666666666666,True,False
0.9191011235955056,0.0,0.5350590600653431,0.0,0.0,False,True
0.9202247191011236,0.0,0.1203820055290273,0.375,0.3333333333333333,False,True
0.9213483146067416,1.0,0.648152802211611,0.125,0.1666666666666666,False,False
0.9224719101123596,1.0,0.3340035184719778,0.0,0.0,False,True
0.9235955056179777,0.0,0.4722292033174164,0.0,0.0,False,False
0.9247191011235956,1.0,0.3340035184719778,0.0,0.1666666666666666,False,True
0.9258426966292136,0.0,0.0198542347323448,0.5,0.1666666666666666,False,True
0.9269662921348316,0.0,,0.0,0.0,False,True
0.9280898876404494,0.0,,0.0,0.0,False,True
0.9292134831460674,1.0,0.0072882633827594,0.0,0.3333333333333333,True,False
0.9303370786516856,1.0,,0.0,0.0,False,True
0.9314606741573034,1.0,0.7738125157074642,0.0,0.0,False,False
0.9325842696629214,1.0,0.183211862276954,0.125,0.0,False,True
0.9337078651685392,1.0,0.0051520482533299,0.125,0.1666666666666666,True,False
0.9348314606741572,0.0,,0.0,0.0,False,True
0.9359550561797754,0.0,0.2837396330736366,0.0,0.0,False,True
0.9370786516853932,0.0,0.22090977632571,0.0,0.0,False,True
0.9382022471910112,1.0,0.4847951746670017,0.125,0.1666666666666666,False,False
0.9393258426966292,0.0,0.2586076903744659,0.0,0.0,False,True
0.9404494382022472,0.0,,0.0,0.0,False,True
0.9415730337078652,1.0,0.3968333752199044,0.0,0.0,False,True
0.9426966292134832,1.0,,0.0,0.0,False,False
0.9438202247191012,0.0,0.2460417190248806,0.0,0.0,False,True
0.9449438202247192,0.0,0.1957778336265393,0.0,0.0,True,False
0.9460674157303371,1.0,0.3717014325207338,0.0,0.0,False,False
0.9471910112359552,0.0,0.4282483035938678,0.0,0.0,False,True
0.9483146067415732,0.0,0.2083438049761246,0.0,0.0,False,True
0.949438202247191,0.0,0.5224930887157577,0.0,0.0,False,True
0.950561797752809,0.0,,1.0,0.3333333333333333,False,True
0.951685393258427,0.0,0.4345312892686604,0.0,0.0,False,True
0.952808988764045,0.0,0.3465694898215631,0.0,0.1666666666666666,True,False
0.953932584269663,1.0,,0.125,0.0,False,False
0.9550561797752808,0.0,0.0449861774315154,0.5,0.3333333333333333,False,True
0.9561797752808988,0.0,0.924604171902488,0.0,0.0,False,True
0.9573033707865168,0.0,0.107816034179442,0.125,0.1666666666666666,False,True
0.9584269662921348,1.0,0.1957778336265393,0.0,0.1666666666666666,False,False
0.9595505617977528,0.0,0.5476250314149284,0.125,0.0,True,False
0.9606741573033708,1.0,0.22090977632571,0.0,0.1666666666666666,False,True
0.9617977528089888,1.0,0.5601910027645137,0.125,0.1666666666666666,False,False
0.9629213483146069,1.0,0.6355868308620256,0.0,0.0,False,False
0.9640449438202248,1.0,0.2963056044232219,0.0,0.5,False,True
0.9651685393258428,0.0,,0.0,0.0,False,True
0.9662921348314608,0.0,0.5099271173661725,0.25,0.0,False,True
0.9674157303370788,0.0,0.2586076903744659,0.125,0.0,True,False
0.9685393258426966,1.0,0.5978889168132697,0.0,0.0,False,False
0.9696629213483148,0.0,,1.0,0.3333333333333333,False,True
0.9707865168539326,0.0,0.2963056044232219,0.0,0.0,True,False
0.9719101123595506,1.0,0.5224930887157577,0.0,0.0,True,False
0.9730337078651686,1.0,0.3340035184719778,0.125,0.0,True,False
0.9741573033707864,0.0,0.3842674038703191,0.0,0.0,False,False
0.9752808988764046,0.0,,0.0,0.0,False,True
0.9764044943820224,1.0,0.0449861774315154,0.125,0.1666666666666666,False,True
0.9775280898876404,0.0,0.3214375471223925,0.0,0.0,False,True
0.9786516853932584,1.0,0.5853229454636844,0.125,0.1666666666666666,False,False
0.9797752808988764,0.0,0.4093993465694898,0.0,0.0,False,False
0.9808988764044944,0.0,0.5853229454636844,0.0,0.0,False,True
0.9820224719101124,1.0,0.3465694898215631,0.125,0.0,True,False
0.9831460674157304,1.0,0.183211862276954,0.0,0.0,False,True
0.9842696629213484,0.0,0.2460417190248806,0.0,0.0,False,True
0.9853932584269663,0.0,0.2334757476752953,0.0,0.0,False,True
0.9865168539325844,0.0,,0.0,0.0,False,True
0.9876404494382024,1.0,0.6984166876099522,0.0,0.1666666666666666,False,False
0.9887640449438204,1.0,0.3088715757728072,0.0,0.1666666666666666,True,False
0.9898876404494382,0.0,0.4093993465694898,0.0,0.0,False,True
0.9910112359550562,0.0,0.2711736617240512,0.0,0.0,False,True
0.9921348314606742,0.0,0.3465694898215631,0.0,0.0,True,False
0.9932584269662922,0.0,0.3088715757728072,0.0,0.0,False,True
0.99438202247191,0.0,0.4847951746670017,0.0,0.8333333333333333,False,True
0.995505617977528,0.0,0.3340035184719778,0.0,0.0,True,False
0.996629213483146,1.0,0.2334757476752953,0.0,0.0,False,False
0.997752808988764,0.0,,0.125,0.3333333333333333,False,True
0.998876404494382,1.0,0.3214375471223925,0.0,0.0,False,False
1.0000000000000002,0.0,0.3968333752199044,0.0,0.0,False,True
